scenario,option,option_label,design,true_mtd,true_mtd_label,correct_pct,too_high_pct,too_low_pct,mean_acute_tox,mean_subacute_tox,ever_reached_top_pct,sel_L0_pct,sel_L1_pct,sel_L2_pct,sel_L3_pct,sel_L4_pct
Acute low,A,DLT telt volledig mee (huidige situatie),TITE-CRM,4,L4 (5x8 Gy),19.6,0.0,80.4,1.79,2.345,23.400000000000002,0.0,0.1,18.7,61.6,19.6
Acute low,B,Downweging historie naar 50%,TITE-CRM,4,L4 (5x8 Gy),43.1,0.0,56.89999999999999,2.193,2.774,51.5,0.0,0.2,10.2,46.5,43.1
Acute low,C,Downweging historie naar 25%,TITE-CRM,4,L4 (5x8 Gy),57.49999999999999,0.0,42.5,2.455,3.051,68.2,0.0,0.1,7.000000000000001,35.4,57.49999999999999
Acute low,E,Escalatie-override na 3 schone patiënten,TITE-CRM,4,L4 (5x8 Gy),23.799999999999997,0.0,76.2,2.02,2.542,41.5,0.0,0.4,21.0,54.800000000000004,23.799999999999997
Acute low,E+B,Override 3 + downweging 50%,TITE-CRM,4,L4 (5x8 Gy),46.400000000000006,0.0,53.6,2.232,2.762,60.3,0.0,0.2,11.799999999999999,41.6,46.400000000000006
Acute low,E+C,Override 3 + downweging 25%,TITE-CRM,4,L4 (5x8 Gy),61.1,0.0,38.9,2.472,3.293,75.5,0.0,0.0,8.1,30.8,61.1
Acute low,H,DLT telt niet mee (geadjudiceerd unrelated),TITE-CRM,4,L4 (5x8 Gy),78.7,0.0,21.3,2.913,3.77,89.3,0.0,0.0,1.6,19.7,78.7
Acute low,6+3,Huidig 6+3 design,6+3,4,L4 (5x8 Gy),2.8000000000000003,0.0,97.2,1.928,2.544,,0.0,14.6,37.8,44.800000000000004,2.8000000000000003
Acute middle,A,DLT telt volledig mee (huidige situatie),TITE-CRM,3,L3 (5x7 Gy),41.199999999999996,4.3,54.50000000000001,2.894,2.12,7.8,0.0,3.4000000000000004,51.1,41.199999999999996,4.3
Acute middle,B,Downweging historie naar 50%,TITE-CRM,3,L3 (5x7 Gy),46.5,12.4,41.099999999999994,3.334,2.313,23.400000000000002,0.0,3.5999999999999996,37.5,46.5,12.4
Acute middle,C,Downweging historie naar 25%,TITE-CRM,3,L3 (5x7 Gy),45.300000000000004,22.3,32.4,3.699,2.652,43.0,0.0,2.5,29.9,45.300000000000004,22.3
Acute middle,E,Escalatie-override na 3 schone patiënten,TITE-CRM,3,L3 (5x7 Gy),43.9,4.3999999999999995,51.7,3.104,2.176,19.900000000000002,0.0,3.2,48.5,43.9,4.3999999999999995
Acute middle,E+B,Override 3 + downweging 50%,TITE-CRM,3,L3 (5x7 Gy),46.6,13.8,39.6,3.404,2.439,31.6,0.0,3.1,36.5,46.6,13.8
Acute middle,E+C,Override 3 + downweging 25%,TITE-CRM,3,L3 (5x7 Gy),44.6,20.9,34.5,3.812,2.647,48.199999999999996,0.0,2.5,32.0,44.6,20.9
Acute middle,H,DLT telt niet mee (geadjudiceerd unrelated),TITE-CRM,3,L3 (5x7 Gy),48.3,35.9,15.8,4.593,3.177,70.19999999999999,0.0,0.7000000000000001,15.1,48.3,35.9
Acute middle,6+3,Huidig 6+3 design,6+3,3,L3 (5x7 Gy),19.7,0.6,79.7,2.803,1.957,,0.0,38.800000000000004,40.9,19.7,0.6
Acute high,A,DLT telt volledig mee (huidige situatie),TITE-CRM,2,L2 (5x6 Gy),65.10000000000001,27.800000000000004,7.1,3.516,1.929,2.5,0.0,7.1,65.10000000000001,26.8,1.0
Acute high,B,Downweging historie naar 50%,TITE-CRM,2,L2 (5x6 Gy),49.8,42.9,7.3,3.852,2.173,15.4,0.0,7.3,49.8,37.4,5.5
Acute high,C,Downweging historie naar 25%,TITE-CRM,2,L2 (5x6 Gy),43.2,50.9,5.8999999999999995,4.101,2.326,29.599999999999998,0.0,5.8999999999999995,43.2,40.6,10.299999999999999
Acute high,E,Escalatie-override na 3 schone patiënten,TITE-CRM,2,L2 (5x6 Gy),64.0,28.1,7.9,3.643,1.996,11.5,0.0,7.9,64.0,25.900000000000002,2.1999999999999997
Acute high,E+B,Override 3 + downweging 50%,TITE-CRM,2,L2 (5x6 Gy),48.6,44.0,7.3999999999999995,3.834,2.158,19.6,0.0,7.3999999999999995,48.6,36.7,7.3
Acute high,E+C,Override 3 + downweging 25%,TITE-CRM,2,L2 (5x6 Gy),45.0,50.4,4.6,4.119,2.382,35.8,0.0,4.6,45.0,39.7,10.7
Acute high,H,DLT telt niet mee (geadjudiceerd unrelated),TITE-CRM,2,L2 (5x6 Gy),27.800000000000004,70.7,1.5,5.104,3.022,59.199999999999996,0.0,1.5,27.800000000000004,47.599999999999994,23.1
Acute high,6+3,Huidig 6+3 design,6+3,2,L2 (5x6 Gy),38.800000000000004,11.200000000000001,50.0,3.12,1.75,,0.0,50.0,38.800000000000004,11.1,0.1
Acute steep,A,DLT telt volledig mee (huidige situatie),TITE-CRM,2,L2 (5x6 Gy),46.300000000000004,52.800000000000004,0.8999999999999999,2.984,2.197,6.2,0.0,0.8999999999999999,46.300000000000004,50.5,2.3
Acute steep,B,Downweging historie naar 50%,TITE-CRM,2,L2 (5x6 Gy),38.0,61.7,0.3,3.67,2.411,20.7,0.0,0.3,38.0,56.10000000000001,5.6000000000000005
Acute steep,C,Downweging historie naar 25%,TITE-CRM,2,L2 (5x6 Gy),33.2,66.5,0.3,4.156,2.637,43.3,0.0,0.3,33.2,55.50000000000001,11.0
Acute steep,E,Escalatie-override na 3 schone patiënten,TITE-CRM,2,L2 (5x6 Gy),44.800000000000004,54.800000000000004,0.4,3.337,2.337,18.5,0.0,0.4,44.800000000000004,52.7,2.1
Acute steep,E+B,Override 3 + downweging 50%,TITE-CRM,2,L2 (5x6 Gy),36.4,63.2,0.4,3.752,2.387,29.7,0.0,0.4,36.4,53.800000000000004,9.4
Acute steep,E+C,Override 3 + downweging 25%,TITE-CRM,2,L2 (5x6 Gy),31.8,67.60000000000001,0.6,4.199,2.702,45.7,0.0,0.6,31.8,56.599999999999994,11.0
Acute steep,H,DLT telt niet mee (geadjudiceerd unrelated),TITE-CRM,2,L2 (5x6 Gy),23.1,76.9,0.0,5.377,3.142,68.8,0.0,0.0,23.1,59.3,17.599999999999998
Acute steep,6+3,Huidig 6+3 design,6+3,2,L2 (5x6 Gy),65.9,16.0,18.099999999999998,2.987,2.182,,0.0,18.099999999999998,65.9,15.9,0.1
Acute shallow,A,DLT telt volledig mee (huidige situatie),TITE-CRM,3,L3 (5x7 Gy),24.4,3.5999999999999996,72.0,3.669,1.895,5.0,1.2,18.099999999999998,52.7,24.4,3.5999999999999996
Acute shallow,B,Downweging historie naar 50%,TITE-CRM,3,L3 (5x7 Gy),36.4,9.4,54.2,3.817,2.175,18.4,1.2,13.600000000000001,39.4,36.4,9.4
Acute shallow,C,Downweging historie naar 25%,TITE-CRM,3,L3 (5x7 Gy),36.6,19.5,43.9,3.915,2.461,33.5,2.1999999999999997,9.8,31.900000000000002,36.6,19.5
Acute shallow,E,Escalatie-override na 3 schone patiënten,TITE-CRM,3,L3 (5x7 Gy),28.799999999999997,3.4000000000000004,67.80000000000001,3.757,1.972,14.2,1.6,18.9,47.3,28.799999999999997,3.4000000000000004
Acute shallow,E+B,Override 3 + downweging 50%,TITE-CRM,3,L3 (5x7 Gy),36.5,11.700000000000001,51.800000000000004,3.777,2.237,25.5,1.4000000000000001,13.3,37.1,36.5,11.700000000000001
Acute shallow,E+C,Override 3 + downweging 25%,TITE-CRM,3,L3 (5x7 Gy),36.5,20.1,43.4,3.963,2.487,41.699999999999996,0.8999999999999999,10.4,32.1,36.5,20.1
Acute shallow,H,DLT telt niet mee (geadjudiceerd unrelated),TITE-CRM,3,L3 (5x7 Gy),42.6,35.3,22.1,4.591,3.252,63.3,0.2,2.1999999999999997,19.7,42.6,35.3
Acute shallow,6+3,Huidig 6+3 design,6+3,3,L3 (5x7 Gy),13.3,0.3,86.4,3.463,1.789,,0.0,51.1,35.3,13.3,0.3
